Jeans,Black,9,XS,5
Jeans,Black,9,S,5
Jeans,Black,9,M,5
Jeans,Black,9,L,5
Jeans,Black,9,XL,5
Jeans,White,9,XS,5
Jeans,White,9,S,5
Jeans,White,9,M,5
Jeans,White,9,L,
Jeans,White,9,XL,
Jeans,Blue,10,XS,
Jeans,Blue,10,S,
Jeans,Blue,10,M,
Jeans,Blue,10,L,
Jeans,Blue,10,XL,
Jeans,Maroon,15,XS,
Jeans,Maroon,15,S,
Jeans,Maroon,15,M,
Jeans,Maroon,15,L,
Jeans,Black,9,XS,
Jeans,Black,9,S,
Jeans,Black,9,M,
Jeans,White,9,L,
Jeans,White,9,XL,
Jeans,Blue,10,XS,
Jeans,Blue,10,S,
Jeans,Blue,10,M,
Jeans,Blue,10,L,
Jeans,Blue,10,XL,
Jeans,Maroon,15,XL,
tshirt,Black,6,XS,
tshirt,Black,6,S,
tshirt,Black,6,M,
tshirt,Black,6,L,
tshirt,Black,6,XL,
tshirt,White,8,XS,
tshirt,White,8,S,
tshirt,White,8,M,
tshirt,White,8,L,
tshirt,White,8,XL,
tshirt,Blue,8,XS,
tshirt,Blue,8,S,
tshirt,Blue,8,M,
tshirt,Blue,8,L,
tshirt,Blue,8,XL,
tshirt,Maroon,12,XS,
tshirt,Maroon,12,S,
tshirt,Maroon,12,M,
tshirt,Maroon,12,L,
tshirt,Maroon,12,XL,
tango,Black,7,XS,
tango,Black,7,S,
tango,Black,7,M,
tango,Black,7,L,
tango,Black,7,XL,
tango,White,7,XS,
tango,White,7,S,
tango,White,7,M,
tango,White,7,L,
tango,White,7,XL,
tango,Blue,11,XS,
tango,Blue,11,S,
tango,Blue,11,M,
tango,Blue,11,L,
tango,Blue,11,XL,
tango,Maroon,15,XS,
tango,Maroon,15,S,
tango,Maroon,15,M,
tango,Maroon,15,L,
tango,Blue,11,M,
tango,Blue,11,L,
tango,Blue,11,XL,
tango,Maroon,15,XS,
tango,Maroon,15,S,
tango,White,7,S,
tango,White,7,M,
tango,White,7,L,
tango,Maroon,15,XL,
shoes,Black,22,S,
shoes,Black,22,M,
shoes,Black,22,M,
shoes,Black,22,L,
shoes,Black,22,L,
shoes,White,28,S,
shoes,White,28,M,
shoes,White,28,M,
shoes,White,28,L,
shoes,White,28,L,
shoes,Blue,35,S,
shoes,Blue,35,M,
shoes,Blue,35,M,
shoes,Blue,35,L,
shoes,Blue,35,L,
shoes,Golden,50,S,
shoes,Golden,50,S,
shoes,Golden,50,M,
shoes,Golden,100,M,
shoes,Golden,100,M,
shorts,Black,8.5,XS,
shorts,Black,8.5,S,
shorts,Black,8.5,M,
shorts,Black,8.5,L,
shorts,Black,8.5,XL,
shorts,White,8.5,XS,
shorts,White,8.5,S,
shorts,White,8.5,M,
shorts,White,8.5,L,
shorts,White,8.5,XL,
shorts,Blue,13,XS,
shorts,Blue,13,S,
shorts,Blue,13,M,
shorts,Blue,13,L,
shorts,Blue,13,XL,
shorts,Maroon,15,XS,
shorts,Maroon,15,S,
shorts,Maroon,15,M,
shorts,Maroon,15,L,
shorts,Maroon,15,XL,
shorts,White,8.5,XS,
shorts,White,8.5,S,
shorts,White,8.5,M,
shorts,White,8.5,L,
shorts,White,8.5,XL,
