Jeans,Black,9,XS,10
Jeans,Black,9,S,9
Jeans,Black,9,M,8
Jeans,Black,9,L,7
Jeans,Black,9,XL,6
Jeans,White,9,XS,5
Jeans,White,9,S,4
Jeans,White,9,M,3
Jeans,White,9,L,2
Jeans,White,9,XL,1
Jeans,Blue,10,XS,10
Jeans,Blue,10,S,9
Jeans,Blue,10,M,8
Jeans,Blue,10,L,7
Jeans,Blue,10,XL,6
Jeans,Maroon,15,XS,5
Jeans,Maroon,15,S,4
Jeans,Maroon,15,M,3
Jeans,Maroon,15,L,2
Jeans,Black,9,XS,1
Jeans,Black,9,S,10
Jeans,Black,9,M,9
Jeans,White,9,L,8
Jeans,White,9,XL,7
Jeans,Blue,10,XS,6
Jeans,Blue,10,S,5
Jeans,Blue,10,M,4
Jeans,Blue,10,L,3
Jeans,Blue,10,XL,2
Jeans,Maroon,15,XL,1
tshirt,Black,6,XS,10
tshirt,Black,6,S,9
tshirt,Black,6,M,8
tshirt,Black,6,L,7
tshirt,Black,6,XL,6
tshirt,White,8,XS,5
tshirt,White,8,S,4
tshirt,White,8,M,3
tshirt,White,8,L,2
tshirt,White,8,XL,1
tshirt,Blue,8,XS,10
tshirt,Blue,8,S,9
tshirt,Blue,8,M,8
tshirt,Blue,8,L,7
tshirt,Blue,8,XL,6
tshirt,Maroon,12,XS,5
tshirt,Maroon,12,S,4
tshirt,Maroon,12,M,3
tshirt,Maroon,12,L,2
tshirt,Maroon,12,XL,1
tango,Black,7,XS,10
tango,Black,7,S,9
tango,Black,7,M,8
tango,Black,7,L,7
tango,Black,7,XL,6
tango,White,7,XS,5
tango,White,7,S,4
tango,White,7,M,3
tango,White,7,L,2
tango,White,7,XL,1
tango,Blue,11,XS,10
tango,Blue,11,S,9
tango,Blue,11,M,8
tango,Blue,11,L,7
tango,Blue,11,XL,6
tango,Maroon,15,XS,5
tango,Maroon,15,S,4
tango,Maroon,15,M,3
tango,Maroon,15,L,2
tango,Blue,11,M,1
tango,Blue,11,L,10
tango,Blue,11,XL,9
tango,Maroon,15,XS,8
tango,Maroon,15,S,7
tango,White,7,S,6
tango,White,7,M,5
tango,White,7,L,4
tango,Maroon,15,XL,3
shoes,Black,22,S,2
shoes,Black,22,M,1
shoes,Black,22,M,10
shoes,Black,22,L,9
shoes,Black,22,L,8
shoes,White,28,S,7
shoes,White,28,M,6
shoes,White,28,M,5
shoes,White,28,L,4
shoes,White,28,L,3
shoes,Blue,35,S,2
shoes,Blue,35,M,1
shoes,Blue,35,M,10
shoes,Blue,35,L,9
shoes,Blue,35,L,8
shoes,Golden,50,S,7
shoes,Golden,50,S,6
shoes,Golden,50,M,5
shoes,Golden,100,M,4
shoes,Golden,100,M,3
shorts,Black,8.5,XS,2
shorts,Black,8.5,S,1
shorts,Black,8.5,M,10
shorts,Black,8.5,L,9
shorts,Black,8.5,XL,8
shorts,White,8.5,XS,7
shorts,White,8.5,S,6
shorts,White,8.5,M,5
shorts,White,8.5,L,4
shorts,White,8.5,XL,3
shorts,Blue,13,XS,2
shorts,Blue,13,S,1
shorts,Blue,13,M,10
shorts,Blue,13,L,9
shorts,Blue,13,XL,8
shorts,Maroon,15,XS,7
shorts,Maroon,15,S,6
shorts,Maroon,15,M,5
shorts,Maroon,15,L,4
shorts,Maroon,15,XL,3
shorts,White,8.5,XS,2
shorts,White,8.5,S,1
shorts,White,8.5,M,10
shorts,White,8.5,L,9
shorts,White,8.5,XL,8
